type,question
essential,How satisfied are you with your overall learning experience?
essential,How would you rate the quality of instruction in your courses?
essential,Do you feel supported by your instructors?
essential,How do you rate the availability of learning resources?
essential,How often do you engage with course materials outside of class?
essential,How effectively are your assessments aligned with the course objectives?
essential,Do you feel the feedback you receive helps you improve?
essential,How comfortable are you reaching out to instructors for help?
essential,How well do you understand the grading criteria?
essential,How would you rate the pace of the course?
essential,Do you feel your workload is manageable?
essential,How satisfied are you with your overall academic progress?
optional,How confident are you in your research skills?
optional,How often do you participate in class discussions?
optional,How well do you collaborate in group projects?
optional,How effectively do you manage your time?
optional,How confident are you in solving complex problems?
optional,How well do you apply theoretical concepts to practical situations?
optional,How frequently do you seek out learning opportunities beyond the classroom?
optional,How well do you set personal learning goals?
optional,How effectively do you manage stress during challenging situations?
optional,How do you rate your communication skills in academic settings?
optional,How often do you reflect on your learning process?
optional,How confident are you in your ability to work independently?
optional,How would you rate your ability to adapt to new learning environments?
optional,How effectively do you take notes during lectures?
optional,How well do you utilize feedback for improvement?
optional,How confident are you in your leadership abilities?
optional,How would you rate your ability to balance academics with personal life?
optional,How well do you contribute to team success?

